timestamp,head_pitch,head_yaw,head_roll,mouth_open,mouth_width,left_eyelid,right_eyelid,left_pupil_x,left_pupil_y,right_pupil_x,right_pupil_y
0.492,8.12220790348647,-1.529125793031762,1.4288810213557945,0.004756152629852295,0.5301917272790109,0.2594733238220215,0.23127436637878418,-0.00431223621408412,-0.00960250296331009,0.011248289175103766,-0.010146283381527472
0.681,8.614731277137183,-1.0719757566054051,1.439264947037885,0.004549086093902588,0.534136801744923,0.2666643261909485,0.21941274404525757,-0.00421499507952209,-0.009351531136376013,0.01095086939136132,-0.01092803605869241
0.719,9.362051888431534,-0.3508930199833847,1.4071773581713887,0.004471359252929687,0.5343532525537245,0.28846375644207,0.21144531667232513,-0.004352564477395482,-0.009071645830410074,0.01022311482318056,-0.012400073023684849
0.812,9.622794713705984,-0.025008905888562392,1.3239709824314074,0.004655403709411621,0.5303090800493278,0.29351798817515373,0.22354086861014366,-0.005028361510940754,-0.008074744124664258,0.010270848743634629,-0.012217900370031787
0.879,9.83256724376602,0.21656046144075689,1.3455417207064766,0.0042833021545410155,0.5300795906427193,0.31387164257466793,0.23779968731105328,-0.005708921275024094,-0.006214029459417678,0.010428430137715055,-0.012923552709642402
0.948,9.881975828847157,0.11505397914661045,1.343802155483564,0.004311487327575684,0.5276822556219698,0.3049237234517932,0.2454744791612029,-0.0062388480809032806,-0.00600554938590636,0.010802074556873242,-0.013387811591844042
1.012,9.772881294900472,0.24934646849463613,1.3699774683445627,0.0040033997100830075,0.5364765146504578,0.2918377867899835,0.23862297413870692,-0.004595714763661462,-0.005939261647507301,0.009380173875595052,-0.014009944784317517
1.08,9.206703721385912,-0.4060478472764135,1.5104865412749984,0.004782817403564453,0.5373000464213094,0.30712799984030426,0.2379479759838432,-0.0035288894256164877,-0.005226296918573754,0.0073437792491181965,-0.013358489140020897
1.148,9.13560375721185,0.5804425852353589,1.523918639900234,0.0039285388152160644,0.5368502387014479,0.3026533959200606,0.2524493512464687,-0.003242024964672627,-0.004834156606703499,0.006108544730149051,-0.012408388475472997
1.215,8.934968963197488,1.2276540491890635,1.542200105878083,0.0015714155260864258,0.5453578553963236,0.30758772481931373,0.25853387400275096,-0.002813394899395424,-0.004703886578453916,0.0049251129495448565,-0.01212120753230877
1.28,8.535585803712703,1.672674632807278,1.5691969294088361,0.0006285662104345704,0.5542376853314614,0.29866056735045277,0.26558514378848486,-0.002377605809413846,-0.004266306188447983,0.00339817420641062,-0.011454128121831346
1.348,7.684583093867095,1.0194474032725844,1.584577591903575,0.00025142648417382816,0.5352386129626787,0.24554797557357233,0.16078082691819873,-0.0007294346843352859,-0.0033866242577494936,-0.00048531831969614043,-0.02880839955538038
1.415,7.15356541444214,0.16427051856884878,1.5477024694431782,0.00010057059366953127,0.5347959432297283,0.2681717701125308,0.1747797328789602,-0.0008867662030192329,-0.002677528908079179,0.002284104764199299,-0.022903248164944115
1.48,7.2912369061205125,-0.30839759773154973,1.2721345900789072,0.005796427597361611,0.5480474796813972,0.28566705323100905,0.21359763535656384,-0.001997071335173167,-0.0034033920802246822,0.0039520456253838284,-0.02079474027082084
1.547,8.059158234878057,-0.5693297588365733,1.0971891747599196,0.1841092209298443,0.5590027533639784,0.28444402981222083,0.23794244722921576,-0.002416361460820002,-0.004285704282195344,0.00501794814149619,-0.01901820765144175
1.616,8.578471804261046,-1.1877064056671491,1.0064672629781928,0.31880349319295215,0.5693482214990092,0.2697479405424019,0.24722194173136813,-0.0018695720947062113,-0.005774919868526416,0.005850645273816634,-0.016749638552591015
1.683,8.719967722598458,-1.2381762096182602,0.8901754073826463,0.41409307877666207,0.5568590894671971,0.26143936705693704,0.25355684507985643,-0.0013559842018516538,-0.0062675412851946576,0.00632165851854231,-0.016144822372119186
1.748,8.709380291998915,-1.5734403185914267,0.856080448560165,0.47405872408726396,0.5520222569561493,0.2709595779185747,0.2579962598736074,-0.001396334235868637,-0.005763448095510641,0.006831456939534986,-0.01593661221185816
1.819,8.68490592656714,-1.4991865447405535,0.8237995284890519,0.5020350363420589,0.5431541328372447,0.2737798501851785,0.27117189702664746,-0.0014864577295199083,-0.005107980806375888,0.007013191734751248,-0.015388434859371152
1.868,8.68528687717947,-1.420017854361565,0.7622280053050305,0.5111786781377452,0.5502903098016331,0.27514111050976453,0.27013061909514136,-0.0017872469835099195,-0.004761581996219715,0.007058245346557948,-0.015279424860054663
1.916,8.804488688513581,-1.9453661815409868,0.8204337761417319,0.4733255528858049,0.5663911401730308,0.27448719267553656,0.2733251376382384,-0.0015012324876647449,-0.0055117313360880365,0.00710894799034361,-0.014203114084623766
1.969,8.965214062638468,-1.455813508915763,0.7287259693561916,0.3889207253237861,0.5678477992221809,0.2824488556608884,0.27368202425201105,-0.001240697509472412,-0.004870565460801927,0.007037737408168095,-0.01362951696148339
2.016,9.190073455619098,-1.0192104979366459,0.7063022071840095,0.30743854083141875,0.5701233412803862,0.2841060000769957,0.2762947212515243,-0.0010058818791561076,-0.0050990654662509995,0.006849069408033008,-0.013076827881614453
2.068,8.917567001022126,-0.8915041482345294,0.6302517959380192,0.23696000114091711,0.5764489742130974,0.27867757469975274,0.2664833133845512,-0.0012465580822396082,-0.004887871242374059,0.006701057388970576,-0.01237770478132634
2.116,8.801681058484181,-0.6314530815592942,0.588737046354374,0.1583552151322702,0.5687506486784761,0.29197376564424893,0.25881731835151633,-0.0017327570946529965,-0.004624959266088689,0.006841333804925664,-0.012370112999405224
2.168,8.766492079129003,-0.3748036665019814,0.617465423458905,0.06376766321660436,0.5715145557296233,0.2929647842808647,0.24426859779727916,-0.0019290572554265704,-0.00493737555925277,0.006313147912772505,-0.013183221373094908
2.216,8.820560634519332,0.15836599148679253,0.618221726788439,0.025507065286641747,0.5689255886007158,0.2916289408884487,0.24226895055955877,-0.0020441046629402575,-0.0051242610117194776,0.006204707847997011,-0.013037317724367442
2.268,8.763344709048374,0.7122399438018108,0.6394529162207425,0.010503233524324668,0.5738424656130162,0.28332059780170726,0.24728979210946078,-0.0023711500919742137,-0.0058674855507289585,0.005916349992570481,-0.013639227045995099
2.32,8.35505602173606,1.2159516284291572,0.5770155918298709,0.004688203752900033,0.5726529484992579,0.3042379279902091,0.2432428078894472,-0.0027256644057492238,-0.006062884173095265,0.006127035955974148,-0.014249250185327864
2.368,7.787681131542136,2.6483351219559434,0.3790118847598829,0.0018752815011600134,0.5768374724153923,0.29585675696385455,0.23804179216646432,-0.0036731286242396724,-0.006631507577329715,0.005782992383304507,-0.013047405227081262
2.42,7.181898061502989,5.29276414518851,0.10450615870103186,0.0007501126004640054,0.5756135738340967,0.27647533168322125,0.20354087842118382,-0.005483619053856848,-0.0070649178384071315,0.006082606767799321,-0.012278672836469984
2.468,6.438790044288672,8.838130209720926,-0.18635907855102352,0.0018485737114502505,0.572748256924073,0.2049459921813323,0.16161946302956165,-0.007081882931015736,-0.010174084416368051,0.0055921657825600555,-0.016050206469554434
2.52,5.581652027060477,13.189786506091972,-0.4772304259027663,0.005974922667716086,0.542394783681066,0.11697450814129481,0.09222938540729791,-0.005950949464377007,-0.03455473024297338,0.003944986068226437,-0.04404899653427395
2.567,5.123116051828388,17.159590183093517,-0.9045958141549757,0.005101324753274178,0.530234448206093,0.09791006414831464,0.07029868127481595,-0.004981481126760734,-0.03723903974884231,0.0013512229889052119,-0.07059533662703468
2.62,5.11149716805546,20.780866718659205,-1.1864913363726792,0.0032214171235997106,0.525604202163986,0.13797188683718833,0.10088104487248488,-0.0022874212927103416,-0.028962381917423584,0.00022690135659910273,-0.06751191055861568
2.668,5.129792763378551,23.781087817930377,-1.595717267876971,0.002802047989576603,0.5198958120609737,0.186263446432205,0.1611761176625303,-0.0011916779740271982,-0.023102716739525398,0.001508262408446624,-0.05821870202796944
2.72,5.332343902662914,26.091713046826044,-1.8783853649475837,0.0011208191958306413,0.5189968251119992,0.2018041036634902,0.20629008233742968,-0.0003486721335961118,-0.01803307783540659,0.002785050326219017,-0.04932749489754353
2.772,5.4636218412592825,28.015103795751802,-2.0761461775610237,0.00044832767833225657,0.5258481638250045,0.20798060407783886,0.22250334233143457,-0.002666003881819042,-0.014668880775628444,0.0040034148844555525,-0.04251652775324082
2.822,5.087630296582534,28.89889354648205,-2.273144593568545,0.00017933107133290263,0.5240020045672686,0.1695905780322666,0.19067158207346263,-0.004418671616976469,-0.013785459430195738,0.003970654473607426,-0.0392016164702735
2.872,4.285341750701925,28.356316780282267,-2.5026862630057,0.0007710737256828192,0.5248161808366668,0.1405506658319292,0.14954710952962072,-0.005112268620495897,-0.015889285634426202,0.003418732098494881,-0.039752083872359054
2.92,4.226651388658735,26.22106324598231,-2.3570140105030717,0.0003084294902731277,0.535062610472428,0.14625844000596094,0.1176462816820772,-0.006224919408783152,-0.015417178888977832,0.0030077004597740876,-0.038807721721576045
2.972,4.345479118070015,22.45339100416063,-1.9761962529461716,0.00012337179610925108,0.5338154114216588,0.18917618512520337,0.12219271300366677,-0.006219974031589729,-0.014194170601429808,0.0022177736038670685,-0.03645676745500041
3.02,-65.3638212199748,13.333281716456076,-1.8953091280332326,4.9348718443700435e-05,0.5419430878960463,0.22444366573993935,0.15896628915335315,-0.006622092485326083,-0.011935131442621667,0.00281490713896323,-0.0322856312619659
3.072,-50.38970775411805,8.710971820904103,-1.5275348394989237,0.0023459299590266503,0.5556790190360354,0.2384260255083669,0.18571799307597467,-0.005724039469449707,-0.010454070379579124,0.0025144817197198877,-0.02882316086638896
3.12,-38.81959407650341,3.4694048231462484,-1.1660813324272952,0.0024116199885239904,0.5742562225644183,0.24361118465588633,0.20649465575582182,-0.004613436599609653,-0.008150875700373018,0.0027611040610992506,-0.025184424973710595
3.172,-28.822315579177964,-1.8203377493598851,-0.9000190397889618,0.00268716262477361,0.5834384230946861,0.23114405468069585,0.22182451017084914,-0.002753692453077853,-0.007169552089004065,0.0026804569738107208,-0.022051108651856468
3.224,-90.79110416454587,-5.387577350455684,-1.1602023340925554,0.003167882151197286,0.5740111418802382,0.25246392883342045,0.23877107266278663,-0.0022508608913392363,-0.0058362005250195475,0.001269061842562212,-0.019938735754764507
3.273,-142.2937426053816,-10.709899740779031,-0.6575535380513756,0.0038097081926627523,0.5678143053614024,0.2762419541551746,0.2637971598093291,-0.0008120275908876135,-0.005896734334786672,7.900161290656305e-05,-0.01712389626325874
3.325,-111.64460574227031,-15.233395414498693,-0.06071151537896036,0.001523883277065101,0.5601724007779775,0.28935077587138003,0.279747901270021,0.0007767622725326038,-0.006092221685662671,-0.0011490493211440947,-0.015480532047897861
3.372,-87.26799318675577,-18.935558489889907,0.5548755076631946,0.0006095533108260405,0.5529549380952737,0.3060332079697171,0.2783435870752876,0.0019088949600943573,-0.0063597209752794485,-0.0025498403899340484,-0.015196294083329018
3.424,-139.3776665068567,-21.823859170726113,0.8078450857887964,0.000510969342213717,0.5614530213698796,0.31459674934389786,0.280654146748093,0.002418988775023059,-0.007001833732524762,-0.004019373577795356,-0.013324547315465077
3.472,-181.0143165407457,-24.05304904673015,0.9677606661609884,0.0027124319797443737,0.5718654677251652,0.31245582153321605,0.2779416811850206,0.0030764128676980104,-0.007027376763170987,-0.00538512954690602,-0.012831554743903989
3.524,-212.81073991966298,-26.227765188140882,0.3629490468920768,0.0052733315756196735,0.578124167184482,0.31231310392380407,0.2871825581981011,0.0031499733730510574,-0.006641634672587254,-0.005552654132676775,-0.011360161312355696
3.573,-239.78023053004617,-26.243945314842986,0.4563807078279435,0.003916426250548163,0.5797131890423289,0.3106547714519533,0.27522843510872463,0.003429440299195692,-0.0059148007648246875,-0.0056054874031374385,-0.011376532290991098
3.624,-261.3200673693446,-24.984894563324538,0.5283414338097129,0.004340332249486843,0.5903314130856625,0.27818626767635507,0.26479562834385206,0.002853729906114789,-0.004993771594816529,-0.003984859017800769,-0.0113151684221309
3.676,-206.9780377197667,-22.468956055352713,0.7132307544662646,0.003920881549391905,0.5690466701541517,0.2999380559039124,0.2780432537967124,0.001747382111070792,-0.004760730460438905,-0.003067107699641841,-0.010455660382009567
3.723,-163.50161214980912,-19.426630571032895,1.0041625724425953,0.0015683526197567623,0.5658907104670862,0.30546592326521915,0.2753264226403911,0.0020395727827000037,-0.004265517715228334,-0.002504605095932113,-0.010755998538223758
3.776,-128.88405912046258,-15.467103693161087,1.1705775029169767,0.0010087511698204294,0.5643242609206977,0.32720201537787935,0.27592095324829613,-7.630657945202125e-05,-0.0039902376530622395,-0.00035530886674355554,-0.01096552792808804
3.824,-101.46547998149325,-11.568201559231127,1.296643852889188,0.0005953678194601542,0.562282119813756,0.3269642259964348,0.26015268062271374,-0.0009889364151292094,-0.004192087961751012,0.00023823083440910147,-0.011387413720708471
3.877,-79.96181810193488,-8.119036618438503,1.4070073023212966,0.0002381471277840617,0.5520184235267204,0.31271634828493006,0.2631437097724164,-0.002232578639959349,-0.00544620412397148,0.00012544913977371975,-0.01225850880411437
3.924,-62.28133548346758,-4.995234551277839,1.4317986309719228,9.525885111362469e-05,0.5516153731591583,0.31128733521424234,0.2720060604182822,-0.0024224292810419374,-0.005457037165786398,0.000791052994022898,-0.010873593399529254
3.976,-116.18492859908545,-10.74737848012137,0.1628158127215933,3.810354044544988e-05,0.5534150981140176,0.30985340061645955,0.27992708769281416,-0.003065913299021715,-0.005344792614652611,0.0022268728774160573,-0.010856396839852256
4.024,-91.52365982608593,-6.751133303346391,0.32349520315882135,1.5241416178179952e-05,0.5577076112833237,0.31491629572143776,0.2744357947848226,-0.0032499699852372053,-0.005627941625494041,0.003919784516948938,-0.010511700866900576
4.076,-71.83163665558901,-3.3900452918174135,0.47714134995996565,0.0001713206417886548,0.5487278243148206,0.3245117877494823,0.27930106542219646,-0.0041184208728395795,-0.005968388669923491,0.005202345593906612,-0.010676703043421457
4.129,-55.24189388127309,0.293779958249925,0.6661331238840629,0.00016490896731726856,0.5472610637061429,0.32821340434608515,0.2827383370285726,-0.004282077359661436,-0.006490776525017576,0.006187705478110465,-0.011728274955070495
4.177,-42.79457012624126,2.7374405426998014,0.7043217778061737,6.596358692690743e-05,0.5439602830575614,0.32570145067005185,0.2713168308678019,-0.004668939680813659,-0.007030208038697182,0.0066310767123904275,-0.012740905594468842
4.229,-32.30347908626776,5.316860422949112,0.8141593843948962,2.6385434770762973e-05,0.5460326230461783,0.32715390889062895,0.25712999927713215,-0.005269771504534887,-0.00751156190718709,0.0069186067609310325,-0.013343799940931277
4.277,-24.599541394719825,6.682224128826281,0.8724315298703339,1.055417390830519e-05,0.540677881288484,0.3323171077579976,0.2578218441591349,-0.005616295875219803,-0.006902399978418173,0.006854640343389871,-0.013842242302680694
4.328,-18.431618782273727,7.3437522118361365,0.8995680442070039,4.221669563322076e-06,0.5486274296415126,0.3231342404291392,0.258807920485024,-0.006129814701781261,-0.006403237107674972,0.007140289689813571,-0.01394428954950147
4.377,-13.587324867766153,7.242214964073769,0.9117986367194901,1.6886678253288306e-06,0.5498384013764793,0.31886377777682545,0.2682023162987254,-0.0065073669167421775,-0.006485833339038804,0.006926555470499775,-0.012904084292425776
4.428,-79.16479298967569,1.783984646284945,0.7693441639306716,6.754671301315323e-07,0.5477722059941003,0.3253733061056674,0.26395881748926747,-0.006310002683350954,-0.005535411593618873,0.00609390675529084,-0.012216595871275668
4.476,-61.70507180878121,2.2998274679383717,0.8497085187027856,2.701868520526129e-07,0.551003728765301,0.316220767413643,0.2560250191724902,-0.0051166410084977805,-0.005289298848341015,0.005582463434199743,-0.013016451111043619
4.528,-47.58190090063182,1.5974124991296899,0.8441530180180894,0.0093465336080355,0.5461465287591551,0.31647307034088523,0.25635382676306395,-0.0051127740775805414,-0.004874730000184281,0.005588782632253061,-0.013340696986103625
4.58,-106.08930469110939,-1.8703191575286024,0.5533946095233208,0.10610225947364023,0.5613541456675837,0.3113379198101826,0.24818788540454223,-0.004311679904172255,-0.005898701704824849,0.0053306869026121,-0.012714823351628437
4.628,-82.87534491601036,-2.708356028281466,0.7449529921248936,0.18862773240273734,0.5589376495935114,0.3010271051420603,0.24417584425256408,-0.0031443881874400016,-0.0057904931809513276,0.0051667470561102035,-0.013137003818895569
4.68,-64.24788461845313,-3.786746805074925,0.9089246514086257,0.2596053054359179,0.5538970999026186,0.3017564643866735,0.2432665491404422,-0.0020662355916441534,-0.005479647774893065,0.005017469640432572,-0.012707002024148054
4.729,-49.50790983822385,-5.456796184398925,1.1600874494232933,0.2792315908442585,0.5408214961221929,0.30262808151279474,0.24472670079779069,-0.0011727868282421592,-0.006209919937158377,0.0047102795906197245,-0.013623364074134402
4.78,-109.27528232713237,-6.795981131354502,1.3379339712369598,0.305769949284023,0.5515495062929301,0.28735180768983853,0.24870761395251473,-0.0006068632020062674,-0.005556697021173269,0.004102285401936296,-0.013320702812801993
4.828,-85.32929217285489,-8.598065678170158,1.5092319701577097,0.3206712838517928,0.5618394427468334,0.2664784594059849,0.25691274881738285,-0.00020377376907625508,-0.005926244969901919,0.004169106740804201,-0.011646953307674924
4.881,-66.13525476705108,-11.650516154025851,1.8147531123312763,0.32062456355521296,0.5541358541812761,0.2684964738130999,0.2627545797843628,0.00046389644310204235,-0.0053493935010841456,0.003980507230124348,-0.011901278776890224
4.928,-50.99112052836034,-15.157583404964484,2.3703262056729546,0.28896689552477683,0.5623122272948512,0.2769909303307748,0.2631834250697937,0.001635858593075211,-0.004895739368424445,0.002689684515035243,-0.011649234874958506
4.98,-110.23168274917501,-17.63139276951905,2.7722038797089072,0.24094355161353623,0.5516811485137527,0.2814780672848332,0.2789615145330353,0.0021443139219427545,-0.004100971510163614,0.0010664879201709436,-0.01097347260524961
5.032,-157.69169545719865,-19.870485448960743,3.228752378283396,0.20139520190304389,0.5461178486712622,0.2912082771688753,0.278615879565712,0.0030280969847199645,-0.0042644944857215,-0.001478953950348132,-0.01177757858113667
5.08,-195.57222494231436,-21.607118623955202,3.576082811630084,0.1638741088793511,0.5697749759916659,0.28826994201690226,0.2816453216226082,0.0039545718628126465,-0.005924761261943162,-0.002643026411077264,-0.013031468126579545
5.132,-225.90440682766314,-22.806106085171024,3.791260833774575,0.14983645251933078,0.5786787256265391,0.2886398757554604,0.27339411962783244,0.004106760571769891,-0.006555647220403444,-0.0022047263508183108,-0.011932606453713529
5.18,-250.05332960457503,-23.05809598966096,3.839341410369074,0.1257084257266654,0.5820900177644273,0.2855716211128987,0.2526200472750063,0.0031370926856694728,-0.006137247573226305,-0.001064848224314156,-0.011704821116366046
5.233,-269.5694254413256,-22.39512320649439,3.9038662377121467,0.092410145078569,0.5759416908320953,0.26961734208110755,0.24434837994167186,0.002641712951708896,-0.005976164583009114,6.511576439475087e-05,-0.011666853073070669
5.281,-285.100187911406,-20.813817909483618,3.904331926194119,0.050173043360101914,0.5834073652651602,0.2650224681329915,0.25050328819547585,0.0019364664297839272,-0.006268349415448888,0.0014536047105812256,-0.01063684682593362
5.333,-226.71476544801217,-19.124261735741005,4.067478618282879,0.02006921734404077,0.5789854511409136,0.24676111914874063,0.24758570715086903,0.00041734551438513275,-0.006099276476737617,0.0023706153940222874,-0.011437501627281604
5.381,-250.95531236841703,-16.727751463482758,4.002878852670914,0.0087436579306583,0.5828271454631915,0.29383017409921164,0.23552593253203852,0.000376008050188802,-0.005542784436590869,0.003132642584514324,-0.011866837696305083
5.433,-199.67504353788976,-15.818227601867733,4.2265706077462175,0.003952187007254776,0.5740597177036189,0.2970007746869349,0.2513491941598486,-0.0003034230478756113,-0.004748124976616402,0.0034947926807532012,-0.011428032144903278
5.485,-157.59512104180584,-12.975501171923323,4.011921556263989,0.0015808748029019104,0.5703532252669703,0.3193028613653791,0.27242451077239865,-0.0015043726787052352,-0.005094254084287618,0.004668268906887241,-0.010877744382646153
5.532,-123.96542032491644,-10.4251180938647,3.8565660959426284,0.0008361978062926002,0.5652328030945339,0.254933031634838,0.25336131039031917,-0.002878513592036341,-0.006491890606034839,0.000818954364879092,-0.010972100132828058
5.584,-97.99407166834703,-8.134003901143373,3.6783438196235405,0.0006488340190624502,0.5506327886049978,0.173109666623846,0.21140895576660124,-0.0026190369992243464,-0.01152058410601714,-0.0008220645123895017,-0.011379605530372807
5.632,-77.5415614632207,-5.7957870489982115,3.521231380251039,0.0002595336076249801,0.5396542127077278,0.1347076376866178,0.1619903360375975,-0.0016672962328070267,-0.01328123017983395,-0.0019926357610154473,-0.012775321157608988
5.684,-60.91803851339131,-3.344849347892969,3.2649642118769115,0.00010381344304999206,0.5401024890591287,0.13355163140052936,0.1679875510220336,-0.0025042705237156137,-0.012309231160159934,-0.0018601825104891377,-0.01312990344644704
5.732,-47.63197567811847,-1.078905547213287,3.064424239630842,0.000264327539390407,0.5327503202914535,0.1813019683110435,0.17351816382431026,-0.002700553793529909,-0.009918685990357643,-0.000921928642718061,-0.013611441549144157
5.784,-36.87844156509469,0.6020157197085854,2.809669340034089,0.0001057310157561628,0.5453372596137229,0.20778811823068655,0.20019685370933532,-0.002444620347006379,-0.01030807465255219,-0.0005804099554527759,-0.01323944249355956
5.831,-28.124467945367606,1.6730912724612235,2.5689962269202584,4.229240630246512e-05,0.5499614395990415,0.23225266163914698,0.2282898383498764,-0.002234660371623357,-0.010501114934486609,-0.001046970527307057,-0.0128489405605857
5.884,-21.24266001876221,2.6003895898235694,2.283073131643935,0.00012259599770775363,0.5455098518737305,0.2244467458395625,0.23815685297849654,-0.0020833231078663853,-0.010983520715854556,-0.0014495426136363016,-0.01129360758707207
5.936,-15.839678371367569,2.737284501960986,2.1027354662631104,4.903839908310145e-05,0.5446464920635261,0.22761885927460912,0.24176713717879295,-0.0014965446781484877,-0.010146181040417623,-0.002135237027005537,-0.010997623666062589
5.984,-11.906900867474873,2.505158917251744,1.919855227960823,1.961535963324058e-05,0.5336940195499892,0.19183459185730578,0.2250993097469282,0.0004341486520641226,-0.00854630363970894,-0.0028771122639458177,-0.012091415870709317
6.037,-9.103588660309065,2.861176264299945,1.7067402712886464,7.846143853296233e-06,0.5089862787480112,0.17362655353134454,0.18196015778407812,0.0012963521890807736,-0.007456067337555938,-0.003217816457837316,-0.014665125071075296
6.084,-6.9296390991327375,3.07192565713727,1.668196557984342,3.1384575413184934e-06,0.4908857041326762,0.18431425666603238,0.16085877628736378,0.0023485293888077467,-0.006552060702196701,-0.002685400749453469,-0.016464565063641374
6.136,-5.252822277526283,2.98953674568275,1.5034829421210596,1.2553830165273975e-06,0.48417860353870723,0.16677826928989486,0.1349071393987173,0.0021684534861106555,-0.003413558445257703,-0.0029306012828552008,-0.021284312543153123
6.183,-3.6805215025997873,2.812430106991746,1.5048949505190616,5.021532066109591e-07,0.4943362169544804,0.14196708941408195,0.089500433732104,0.0008837086403648437,-0.001710826914431596,-0.0035663182920638355,-0.051052214488339215
6.236,-3.2217412513794037,1.7115311221244158,1.8390574096162515,2.0086128264438363e-07,0.5012250447542294,0.14533348453019163,0.09327555027059302,0.000352605613704777,-0.0012114125667108434,-0.0043849380707654114,-0.05206898625190067
6.288,-2.7180735317819185,1.1073525837662261,2.044708385321672,0.0021753518555909387,0.513190628768009,0.16045514529930602,0.08960139913584583,0.0002743344909012608,-0.0014096041018938083,-0.003972731176306321,-0.05544009764596221
6.336,-2.6910916972314283,0.7113184463434888,2.3214211247551964,0.002927573870593309,0.5136956396062087,0.15706988069408662,0.07703727564824518,-0.0004085052500293219,-0.0018236187453685997,-0.004210658206083782,-0.06556093840816833
6.387,-2.7541636497536786,0.33563313749159496,2.6472522183983527,0.0021686324878430366,0.5048349732189625,0.15681550846990708,0.07641795318133085,-0.0012106137815742547,5.9230684227151026e-05,-0.003899875921969999,-0.06383273581724073
6.435,-2.654807022471482,-0.09099898488159042,3.072038670618975,0.002130594627217293,0.506656375621932,0.15849791937319818,0.08000852187875136,-0.0019673441345915478,0.0033411502225002367,-0.0033082901515133194,-0.062163467914572876
6.488,-2.0166567025455504,-0.024302128806030165,3.1985118560502084,0.0020139919822040556,0.5019034210735595,0.16689341750367673,0.07041395465733222,-0.002485837363919702,0.005664562078668701,-0.002826823318851433,-0.06420008968476204
6.536,-1.7247554459937737,0.09429435538048836,3.244761776564706,0.0015154881121565247,0.5018525892030381,0.17815431697479978,0.06657541175783481,-0.0012750377572913689,0.00599206642138247,-0.00281047667197986,-0.0562826882505886
6.587,-1.5994390787434287,0.7570192275725413,3.0926546720320527,0.0024016659594317015,0.5004330683316869,0.18414001039322264,0.0882208366200368,-8.644997535021525e-05,0.004338512030195782,-0.0024789101385398952,-0.0509136319513457
6.635,-1.0104074007620616,1.6346115153431144,2.5557188476175954,0.002024609293013403,0.4774117155513582,0.2064337351503772,0.07684320305809579,0.00026011310199984934,0.0027646301958443,-0.002264374105978288,-0.05638895004679578
6.687,0.3808924586038702,1.9429277771544036,1.8958259762223013,0.0012634946685908593,0.48882271549471246,0.24018208278133485,0.17075881409160892,0.002526145615277465,0.0014387140940311503,-0.0032104961073058723,-0.04474304833830365
6.739,1.50783298852705,1.9709770899277657,1.4640834875814281,0.0019214254133652988,0.49679530233606467,0.2759100998089413,0.19587479555364748,0.003850952306941149,0.0005600470572011199,-0.004812193401837948,-0.035136197917165615
6.787,2.1434414853040726,2.65336610464432,0.9678665963965258,0.012617496709535573,0.5019519905201093,0.281633834274893,0.22434216004489016,0.002288932832932229,-0.0016448630856135326,-0.0023826742226477106,-0.029604158077215836
6.84,2.746936326128661,2.826846497543748,0.8305269668796638,0.00504699868381423,0.5348255051786537,0.27048592777663716,0.2309798263603357,0.0010993463098974243,-0.0029313233489749483,-0.0012015656754523038,-0.02523049996474265
6.889,2.9649831482984146,2.9681581076754133,0.7914799631312746,0.002018799473525692,0.5455201723675233,0.2478951464673591,0.23956741209297913,0.0008705947791013738,-0.004349090446543807,-0.0008272866576341984,-0.022017611207938093
6.94,3.3347668202873813,2.6544650986428935,0.9230340310401445,0.0008075197894102769,0.5591062639197364,0.25153653078182103,0.24834541139736543,0.0012518542166404815,-0.005147634430731223,-0.0002370568265924517,-0.01929708881683085
6.988,3.692791197581826,2.0375592685389567,1.1226428240758282,0.00032300791576411075,0.553973964005404,0.250227979088344,0.2520556631571788,0.0010433238500795305,-0.006290825402433368,0.00016525623287354105,-0.017194937357204565
7.039,4.005949449814488,1.3805559683553608,1.3405982922895985,0.0002711814301606248,0.5556774417205859,0.25311108989741293,0.253277489686347,0.0010376575393716391,-0.006502530189952012,0.000649392703494226,-0.015638735690217738
7.087,4.27155115265411,0.8290613012371966,1.5787781876020537,0.00010847257206424992,0.5577154137527649,0.24966595850003703,0.2506149158598666,0.0013180527789453554,-0.006948980021142659,0.0008948551257520658,-0.014346467343986593
7.14,4.322478817065523,-0.0628049699323131,1.8004576345626901,4.338902882569997e-05,0.5500573806988949,0.2542692337513613,0.24882839847215438,0.0004786053150806457,-0.006544871857104219,0.0008680487476590462,-0.013780044425956223
7.191,4.80498848130938,0.6451998875617018,1.8485508281104608,0.0012116538788947819,0.5496544063800713,0.2533104973078095,0.24567061031166923,0.00039686161342733907,-0.005992860563420422,0.0011477398667639116,-0.012987517644341313
7.24,5.17551329459364,1.1574199843598152,1.843708614149984,0.0004846615515579128,0.5576654292830678,0.2492883780121964,0.24636354726704068,0.0005077014124060263,-0.006511481033275097,0.0016138078786609093,-0.012628054897924823
7.291,5.487031058197389,1.7422813192580362,1.8248743203983246,0.00019386462062316514,0.5540432384036378,0.2572418738663277,0.2466647162146971,0.0006556604807056385,-0.0064415975532880025,0.0017685549342591974,-0.012358755160315047
7.34,5.492716038550663,2.307781819846875,1.7386665914421398,7.754584824926607e-05,0.552136531509384,0.2748460317283909,0.24643979142644035,0.0006904832842245831,-0.006553461472774089,0.0016471262733957913,-0.011786781411102818
7.391,5.637246932984308,2.7111843042162485,1.7587830590398577,3.101833929970643e-05,0.5454642897502175,0.28408814194947685,0.25060277020205074,0.00016355689222234768,-0.006908997272012229,0.0016839525456616294,-0.012192429719150511
7.44,6.025231003800766,2.597451421666363,1.7237803403962804,1.2407335719882571e-05,0.5357787680998259,0.2830449676670144,0.26333590763444215,-7.840071608398869e-05,-0.007584083959723684,0.001874438779928558,-0.012530760776531636
7.491,6.754842068057419,2.5300065935227622,1.6958233394946662,0.00029642964723961316,0.5321133136624677,0.29666473151035655,0.27719716438469544,-0.0004920741359548175,-0.007143950271524643,0.00206269337456993,-0.012296769009499272
7.54,6.433335858133494,2.3451861514256676,1.6129628150836417,0.0007211748175750445,0.4973415140506072,0.3115143859425562,0.23841818277447052,2.6599902525365946e-05,-0.005566387872146772,0.003005276636995924,-0.010860019323572775
7.591,6.3198419960776375,2.755934687837096,1.367957092050683,0.0008467270299963264,0.4827900112463107,0.30695718944268313,0.20928780289693985,0.0005133817227430433,-0.0056863785205962195,0.00144346686751412,-0.010387513232254106
7.643,5.73424107090702,3.2683110933696673,1.350062152004086,0.0011134915894338332,0.4808138976106772,0.2781408151993994,0.15268256292841986,0.0010867630636912816,-0.004987810242062146,0.001015194651609826,-0.017083887539231207
7.692,4.6838215870410025,3.0098739559061993,1.4834607352228082,0.0007238099315193829,0.4876315291426693,0.24533029004980347,0.0953557591940073,0.0011263643238698948,-0.003762200996770746,-0.00019746468793097667,-0.031053712332253278
7.743,3.760827617570874,3.0520500458157,1.4447397498704082,0.00047191418562044846,0.5027316481358347,0.1927950759979547,0.08113426473265428,0.0009429408598242114,-0.0019841230406884396,-0.0007590479164507938,-0.03589712046128993
7.791,3.241734612746722,2.8232028338950723,1.49107698837309,0.0010678149753956404,0.5114513982381874,0.1641057322548062,0.07987937582793603,0.0018824045820021696,0.00192010282894288,-0.0013777436546958692,-0.04081988725675842
7.843,2.494088188935612,2.906771262432776,1.4535133382055794,0.0007990589735566937,0.5089161148718687,0.1469593440555647,0.07676492757232373,0.001469958841519999,0.0037225003723420523,-0.0022226769372801223,-0.042743960628859975
7.891,1.8459316264566032,2.5546354119894135,1.5875130634050216,0.0033898588418030486,0.5187710955221568,0.16079660232181922,0.080079787108458,0.0017504067814156869,0.005641565575513947,-0.0029388167361846635,-0.047469488973666124
7.944,1.2184104998478227,2.719225803437836,1.5561627201653525,0.005222794866524686,0.5103028620002305,0.1395666399365444,0.09275632755615161,0.001087677419627862,0.0051363132655044405,-0.002952073155174249,-0.04279375192562429
7.991,0.8909521400168405,2.7837571385169917,1.5363049664371555,0.0029665579223484002,0.5089535636759245,0.12130766107468699,0.07888892122436486,0.0004794596138799909,0.0036814302592248866,-0.0026571724048024947,-0.042466154371241585
8.044,0.538105341505972,2.980558819082433,1.5638068172329656,0.0027734180221498095,0.5123588452489234,0.11111095047905492,0.07291306470001202,8.631611059842524e-05,0.003245547028307697,-0.0021393265896913105,-0.047083998989860716
8.092,0.4443793739995245,2.8252879632203785,1.5309429908508143,0.0022206958106970823,0.5042873872868368,0.12054688978649401,0.08205259548706045,0.0004940523800508557,0.002026587800337319,-0.0024511608311417543,-0.043988255435556664
8.144,0.42017930499922057,2.8219758621989195,1.5375209213136352,0.002330949146422388,0.5067618968858397,0.100687480213529,0.0845788156344604,0.0010253062960852181,0.0008172556982476886,-0.002727282662442507,-0.0419126068392417
8.195,0.5475097018961128,2.705895515499654,1.5501701288331666,0.002112193997253037,0.507438205983515,0.11321978581065244,0.06557873067031858,0.0009966041923318645,-0.00019932161155309725,-0.0026221811909811076,-0.04596962172404864
8.244,0.7704257439249731,2.5180427626176813,1.5880648758483962,0.0008448775989012149,0.49329524477572373,0.10481753355321441,0.07730598835533141,0.0016208149620952066,-0.00612120261250315,-0.0022947026879039014,-0.04273547592020682
8.295,1.7753722582049123,2.247413465012674,1.612913397932366,0.001245252942331482,0.49823093201311164,0.143564832240627,0.1099219699123764,0.00042341998113046037,-0.008338729644086131,8.393556763119253e-05,-0.0395857019593871
8.344,2.604530113789833,0.9804603779509607,1.6197743027080527,0.0004981011769325929,0.5106197213025289,0.1874103605897654,0.14805032707349777,0.00021415664069870079,-0.01105501600534347,0.0008733322717494773,-0.036575654756050964
8.395,3.715023116349543,-0.7507731044366948,1.6613191445280195,0.00248466136539584,0.5294619351673509,0.21123838723457997,0.1803953145796871,-1.3543988072637546e-05,-0.01333444832773462,0.001556848064795648,-0.03318082504966103
8.443,-66.60014983311221,-1.54150293423662,1.5814865817494224,0.002507524500229381,0.5420215561505572,0.2735138550438342,0.20201448077235698,-0.0012674721203698586,-0.011272517116890807,0.0019330287491632872,-0.029247974316305006
8.496,-51.95344156546521,-3.263856486308529,1.7066588474114854,0.0017363257447633833,0.545531742204768,0.31163024977037596,0.21749051150815724,-0.0020173364958574113,-0.010515284805646292,0.0021015606792079877,-0.026239984864797273
